title,ID
Bones,0460627
How I Met Your Mother,0460649
Doctor Who,0436992
Suits,1632701
Game of Thrones,0944947
Friends,0108778
Brooklyn Nine-Nine,2467372
Community,1439629
Agents of S.H.I.E.L.D.,2364582
The Office,0386676
Seinfeld,0098904
The Good Place,4955642
Arrested Development,0367279
Orange Is the New Black,2372162
I Think You Should Leave with Tim Robinson,10050772
Gossip Girl,0397442
New Amsterdam,7817340
House,0412142
Grey's Anatomy,0413573
Peaky Blinders,2442560
Castle,1219024
Black Mirror,2085059
Breaking Bad,0903747
Better Call Saul,3032476
You,7335184
House of Cards,1856010
The Good Doctor,6470478
The Blacklist,2741602
Dirk Gently's Holistic Detective Agency,4047038
Futurama,0149460
Family Guy,0182576
Modern Family,1442437
Criminal Minds,0452046
Desperate Housewives,0410975
New Girl,1826940
Prison Break,0455275
9-1-1,7235466
It's Always Sunny in Philadelphia,0472954
Scrubs,0285403
Superstore,4477976
The X-Files,0106179
Lost,0411008
Lie to Me,1235099
Sherlock,1475582
Elementary,2191671
Boston Legal,0402711
The Resident,6483832
Rick and Morty,2861424
Last Week Tonight with John Oliver,3530232
The Big Bang Theory,0898266
Silicon Valley,2575988
